Anzahl von Prozessen;1. Berechnung [s];2. Berechnung [s];3. Berechnung [s];4. Berechnung [s];5. Berechnung [s];6. Berechnung [s];7. Berechnung [s];8. Berechnung [s];9. Berechnung [s];10. Berechnung [s];11. Berechnung [s];12. Berechnung [s];13. Berechnung [s];14. Berechnung [s];15. Berechnung [s];16. Berechnung [s];17. Berechnung [s];18. Berechnung [s];19. Berechnung [s];20. Berechnung [s];21. Berechnung [s];22. Berechnung [s];23. Berechnung [s];24. Berechnung [s];25. Berechnung [s];26. Berechnung [s];27. Berechnung [s];28. Berechnung [s];29. Berechnung [s];30. Berechnung [s];31. Berechnung [s];32. Berechnung [s];33. Berechnung [s];34. Berechnung [s];35. Berechnung [s];36. Berechnung [s];37. Berechnung [s];38. Berechnung [s];39. Berechnung [s];40. Berechnung [s];41. Berechnung [s];42. Berechnung [s];43. Berechnung [s];44. Berechnung [s];45. Berechnung [s];46. Berechnung [s];47. Berechnung [s];48. Berechnung [s];49. Berechnung [s];50. Berechnung [s];Durchschnittswert [s]
1;12.718592;12.972784;12.660801;12.729714;13.350023;14.038362;14.191852;14.231280;12.810450;12.694849;12.743004;12.696569;12.639758;12.309081;12.641101;12.687040;12.684106;12.553547;13.062577;12.849656;12.531670;12.864903;12.561895;12.430724;12.543971;12.217855;12.566447;12.603684;12.725617;13.018034;12.610179;12.918663;12.775850;12.933505;12.842660;13.047059;13.064382;12.948624;12.835296;12.673077;12.388259;12.948370;12.789173;12.464789;12.756175;12.840408;12.551848;13.052729;12.611726;13.018724;12.828029
2;9.829389;9.659951;9.725885;9.864295;9.828577;9.865493;9.547008;9.692853;9.430161;9.462170;9.647585;9.717357;9.583174;9.770951;9.708441;9.779960;9.783870;9.747975;9.850207;9.820736;9.906629;9.738827;9.956937;9.652094;9.763353;9.432733;9.790096;9.666037;9.881558;9.911894;9.680687;9.463276;9.550137;9.643693;9.830004;9.527218;9.761727;9.511584;9.910152;9.857999;9.971350;9.763698;9.671725;9.783013;9.523303;9.611918;9.411208;9.531366;9.858647;9.860337;9.714785
3;7.387696;7.201772;7.487847;7.399682;7.523214;7.328837;7.314921;7.393067;7.207348;7.426830;7.290779;7.229900;7.461059;7.281365;7.480664;7.129427;7.214755;8.065145;7.917376;7.421927;7.331928;7.322969;7.381912;7.607192;7.290216;7.313770;7.529471;7.277336;7.472668;7.403530;7.340574;7.333299;7.400130;7.314421;7.396924;7.381296;7.448192;7.443533;7.467375;7.361626;7.557579;7.448987;7.338732;7.323267;7.109584;7.499282;7.270140;7.439133;7.502624;7.237322;7.394172
4;5.848381;5.893421;5.930102;5.759367;5.796600;5.756443;5.863991;5.882247;5.905178;5.909478;5.823220;5.707472;5.784667;5.887881;5.824982;5.740780;5.885041;5.676073;5.717987;5.850034;5.926747;5.755282;5.820686;5.810043;5.858889;5.818613;5.873471;5.895784;5.904963;5.758276;5.709294;5.890795;5.786289;5.851139;5.730842;5.696776;5.719050;5.744038;5.894886;5.841765;5.769345;5.793231;5.909613;5.816231;5.813225;5.792918;5.763779;5.832870;5.773102;5.797429;5.815854
5;4.966612;5.030311;5.075464;4.881193;5.003835;4.880850;5.007165;4.882121;5.022999;5.055999;4.943536;5.196450;5.205183;4.938607;4.906759;5.069538;4.962775;4.867090;5.045736;4.882370;4.969458;4.969028;4.979752;4.945301;5.007444;5.018654;4.960417;4.948940;5.018842;4.953743;4.995186;5.005147;5.039906;5.111351;5.145181;5.001378;5.091041;4.882891;4.973175;5.247231;5.106960;5.070649;4.861063;5.016100;5.045570;4.995597;5.146895;4.944202;4.969642;4.989359;5.004694
6;4.375502;4.887111;4.774485;5.160674;5.076125;5.015309;4.755373;5.310923;5.598448;4.721142;4.708426;4.599367;4.419998;4.606209;4.394891;4.313942;4.490854;4.581712;4.605366;4.397272;4.314563;4.289084;4.428132;4.547417;4.399735;4.440182;4.597555;4.496304;4.619934;4.434617;4.510084;4.450340;4.755931;4.399343;4.385474;4.431653;4.541000;4.579820;4.373886;4.400138;4.296323;4.367598;4.383764;4.430464;4.392832;4.489908;4.440494;4.458096;4.369456;4.403710;4.564419
7;4.169098;4.038252;4.209596;4.110893;4.142438;4.189556;4.075813;4.142065;4.254991;4.314422;4.215432;4.095755;4.015382;4.285737;4.281582;4.234802;4.272526;4.021053;4.214971;4.146751;4.186611;4.304549;4.490459;4.135327;4.141312;4.344243;4.401401;4.114371;4.127086;4.351419;4.242076;4.221731;4.160159;4.070857;4.077409;4.372081;4.275398;4.246852;4.358294;4.119550;4.428526;4.177872;3.999475;4.656022;4.871960;4.998114;4.485878;4.021546;4.038553;4.157579;4.240157
8;4.144845;3.920432;3.984020;3.904906;3.892796;4.025254;3.968620;3.981442;4.106771;3.915247;3.951762;4.133245;4.089712;3.928644;3.952880;4.177431;4.006176;4.046602;3.905704;4.310267;4.214865;4.022175;3.846864;4.083642;4.030713;4.063743;3.758877;3.925712;4.227978;3.887144;4.091484;4.096900;4.073807;3.941229;3.945232;3.926141;3.982399;4.063325;3.776174;4.049387;4.044289;3.954261;3.983250;3.853522;4.084837;3.868723;4.063603;3.837661;4.202025;4.042062;4.005776
9;3.848713;3.880877;3.913571;3.882076;4.002442;3.773931;3.789409;3.890828;3.740116;3.749381;3.958417;3.869653;4.045035;3.818180;3.993846;3.829519;3.751634;3.880372;3.862539;3.809273;3.895561;3.688863;3.862414;3.889701;3.635510;3.856376;4.079410;3.850484;4.007557;3.986497;3.844959;3.795389;3.820168;3.762330;3.961888;3.872706;3.858150;3.930643;3.908618;3.902903;3.823942;3.761740;4.136217;3.891427;3.780424;3.854952;3.842460;3.807655;3.934860;3.943095;3.869534
10;3.784353;3.617295;3.821899;3.750631;3.803421;3.676768;3.683109;3.828408;3.569584;3.795863;3.802501;3.702274;3.711417;3.808776;3.918912;3.628042;3.714082;3.995097;3.806740;3.742263;3.820705;3.892821;3.633333;3.898274;3.765672;3.883986;3.612790;3.888743;3.929713;3.792888;3.715448;3.743226;3.687925;3.695899;3.668068;3.834694;4.091083;3.675674;3.864015;3.866452;3.921428;3.890922;3.993371;3.942432;3.691528;3.814509;3.827648;3.870216;3.857163;3.705082;3.792743
12;3.711058;3.788992;3.572075;3.708669;3.894949;3.739621;3.612025;3.724011;3.707487;3.563590;3.721395;3.736494;3.611701;3.660170;3.672161;3.558276;3.496528;3.712277;3.671611;3.612637;3.572470;3.599511;3.718529;3.693160;3.712688;3.582862;3.728378;3.736084;3.763054;3.582067;3.665994;3.572489;3.734543;3.752367;3.735030;3.508838;3.524580;3.726350;3.767660;3.579920;3.874539;3.650805;3.720204;3.564984;3.656134;3.783381;3.447598;3.677181;3.684924;3.637052;3.668582
14;3.687582;3.679216;3.751940;3.558843;3.598017;3.588140;3.615838;3.662996;3.616528;3.533533;3.545859;3.572547;3.648466;3.538678;3.707697;3.584172;3.706936;3.574267;3.578086;3.611108;3.784558;4.019349;3.608600;3.802008;3.564890;3.515277;3.643559;3.557111;3.597167;3.653077;3.597839;3.668130;3.660211;3.598707;3.670987;3.578514;3.637343;3.552421;3.550533;3.641024;3.693484;3.480853;3.722291;3.675418;3.669986;3.535882;3.564975;3.704536;3.572765;3.745632;3.632552
16;3.584286;3.438816;3.610725;3.601299;3.555969;3.693648;3.555368;3.540890;3.553815;3.597937;3.563411;3.526042;3.599488;3.478316;3.609310;3.816239;3.633241;3.416820;3.528419;3.598161;3.535588;3.628020;3.557696;3.529795;3.671958;3.602985;3.491553;3.828051;3.648676;3.556977;3.456780;3.539483;3.570766;3.509488;3.677484;3.572264;3.485408;3.691153;3.544897;3.455229;3.564872;3.524793;3.912684;4.344404;4.293737;4.132339;4.161789;4.529072;4.356932;4.315335;3.683848
18;4.368334;4.318421;4.264212;4.244988;4.310963;4.402528;4.364215;4.488587;4.882554;4.778282;4.589976;4.369973;4.233671;4.180139;4.272035;4.176326;4.172902;4.387119;4.102150;4.358583;4.199693;4.199820;4.255556;4.207632;4.226462;4.076846;4.014632;4.153741;4.105116;4.475582;4.231753;4.269811;4.304222;4.224642;4.201794;4.483771;4.183708;4.319014;4.258116;4.435764;4.282792;4.427730;4.148832;4.194338;4.052660;4.165821;4.767047;4.811340;4.654628;4.704809;4.326073
20;4.709476;4.732280;4.272175;4.088394;4.168469;4.037985;4.111486;4.124798;4.065821;4.073699;4.162515;4.123624;4.044884;4.166060;4.026169;4.091809;4.278215;4.148307;3.959260;4.045285;4.162359;4.067445;4.328649;4.014520;4.138592;4.116306;4.077418;3.998235;4.110012;4.021638;4.017933;4.087693;3.954193;4.071561;4.033895;4.216810;3.872212;3.539523;3.482710;3.433768;3.554897;3.504481;3.463158;3.593717;3.553301;3.515784;3.474105;3.548570;3.440897;3.476282;3.966028
22;3.563048;3.373060;3.515892;3.519127;3.403789;3.516544;3.486469;3.445605;3.486659;3.514001;3.358435;3.541669;3.492131;3.409564;3.509256;3.496888;3.423606;3.548158;3.536728;3.432199;3.514003;3.507903;3.427592;3.539983;3.500291;3.475621;3.545761;3.513878;3.493813;3.530514;3.535912;3.421885;3.484375;3.485421;3.450094;3.548461;3.541965;3.413456;3.502393;3.608982;3.402421;3.567787;3.466747;3.420623;3.486052;3.496624;3.449672;3.492970;3.464616;3.440012;3.486053
24;3.501874;3.515686;3.400324;3.563669;3.535249;3.418738;3.553175;3.466438;3.407253;3.515649;3.466324;3.388971;3.510162;3.459228;3.390184;3.529894;3.527935;3.442288;3.500197;3.473346;3.443212;3.541246;3.518007;3.451576;3.499912;3.513920;3.434541;3.555923;3.516674;3.433858;3.441640;3.553046;3.418863;3.532580;3.511242;3.424795;3.503115;3.511896;3.421818;3.489199;3.455494;3.436395;3.523217;3.598677;3.401805;3.496190;3.554248;3.450228;3.490298;3.527104;3.484346
26;3.403303;3.535948;3.543032;3.443421;3.572531;3.507590;3.398723;3.499647;3.477424;3.431188;3.476908;3.487550;3.405203;3.460757;3.504726;3.403631;3.506886;3.521017;3.387808;3.452700;3.474282;3.410184;3.523660;3.471744;3.388618;3.471691;3.492519;3.378350;3.486421;3.474878;3.414193;3.496184;3.487117;3.402473;3.481725;3.463016;3.426491;3.533107;3.410466;3.400664;3.492016;3.348403;3.530955;3.534060;3.380305;3.532161;3.553090;3.453503;3.487234;3.484709;3.466084
28;3.405909;3.488194;3.460524;3.374657;3.462956;3.472576;3.396988;3.501735;3.482877;3.418422;3.445235;3.478351;3.396371;3.494761;3.473318;3.446041;3.503037;3.524950;3.401766;3.488733;3.501504;3.413844;3.503225;3.472368;3.399675;3.488391;3.455970;3.414093;3.526253;3.458971;3.370036;3.480024;3.459602;3.410692;3.481712;3.497158;3.387467;3.500176;3.482844;3.404479;3.459717;3.462738;3.356892;3.536998;3.479236;3.428931;3.515403;3.469738;3.406559;3.481738;3.456477
30;3.471406;3.421600;3.448741;3.387336;3.460187;3.507089;3.434043;3.489340;3.441279;3.399053;3.465057;3.488445;3.364740;3.457155;3.469422;3.379640;3.516182;3.450336;3.365126;3.469799;3.455827;3.376045;3.589847;3.461688;3.479626;3.458281;3.452800;3.384263;3.481345;3.485724;3.566844;3.509390;3.476051;3.377296;3.873832;4.187543;4.113592;4.032400;3.527380;3.532569;3.379194;3.488389;3.473945;3.467318;3.497933;3.473866;3.421578;3.738832;3.475977;3.422754;3.510962
32;3.431494;3.486898;3.372243;3.468563;3.538186;3.466505;3.462188;3.447078;3.365992;3.481241;3.524385;3.364942;3.448689;3.472626;3.377864;3.439079;3.448627;3.358122;3.490986;3.452322;3.396766;3.464903;3.532870;3.442429;3.458500;3.426224;3.585064;3.448893;3.398208;3.456340;3.508249;3.394473;3.469691;3.467312;3.417549;3.460922;3.490047;3.417104;3.458361;3.488539;3.367196;3.478392;3.473227;3.408879;3.479542;3.500459;3.437154;3.519277;3.463218;3.396798;3.452092
34;3.466755;3.442412;3.344130;3.677004;3.439495;3.388468;3.467089;3.455504;3.365415;3.486246;3.492811;3.387073;3.479538;3.475381;3.378034;3.469029;3.470731;3.395559;3.455755;3.401983;3.440399;3.524417;3.371446;3.471431;3.517788;3.376641;3.460685;3.498798;3.342191;3.510500;3.503293;3.393202;3.496634;3.452663;3.349862;3.486262;3.489422;3.387872;3.479422;3.455502;3.399003;3.492251;3.485328;3.371255;3.478270;3.509415;3.371800;3.451403;3.488203;3.396209;3.447800
36;3.580634;3.484617;3.405719;3.494607;3.452829;3.421263;3.510670;3.465371;3.373560;3.450502;3.466777;3.422301;3.468129;3.415684;3.393940;3.433865;3.367924;3.462118;3.473141;3.397287;3.439154;3.468334;3.390038;3.516496;3.460176;3.377376;3.453666;3.456010;3.372101;3.463025;3.476085;3.367071;3.454508;3.475840;3.410043;3.443533;3.442909;3.395182;3.450792;3.501327;3.388445;3.482851;3.462299;3.383154;3.454654;3.454582;3.382590;3.458446;3.387482;3.448509;3.441152
38;3.467643;3.369356;3.461646;3.471762;3.392720;3.459872;3.461288;3.369877;3.456684;3.489660;3.361357;3.459365;3.527364;3.378259;3.456980;3.467727;3.424166;3.436926;3.466049;3.404981;3.469660;3.480943;3.394646;3.461018;3.502517;3.382738;3.449739;3.482390;3.396647;3.512847;3.470321;3.387168;3.504448;3.424070;3.386987;3.469839;3.410099;3.475637;3.455351;3.360589;3.481637;3.475726;3.372921;3.476576;3.466449;3.364350;3.450898;3.467855;3.398761;3.486303;3.442056
40;3.604153;3.380353;3.455554;3.446508;3.364284;3.445004;3.470084;3.387466;3.456975;3.458406;3.393993;3.457623;3.435639;3.402543;3.474605;3.454628;3.370653;3.461667;3.432289;3.393633;3.462048;3.375367;3.433889;3.473245;3.345406;3.442310;3.450554;3.377337;3.440404;3.423100;3.389614;3.452724;3.458732;3.356481;3.454548;3.476908;3.375087;3.441965;3.454734;3.427385;3.454039;3.463445;3.384948;3.475846;3.479354;3.366400;3.464918;3.393210;3.423726;3.466305;3.432602
42;3.399303;3.446187;3.431257;3.439784;3.478985;3.470153;3.364295;3.502365;3.447217;3.365822;3.436969;3.462009;3.396086;3.482053;3.435421;3.430048;3.503971;3.460660;3.337428;3.432460;3.477687;3.358114;3.450721;3.459184;3.368375;3.439949;3.425599;3.353795;3.443647;3.366885;3.450136;3.475359;3.491648;3.456574;3.428350;3.380346;3.450185;3.451979;3.375314;3.460795;3.435649;3.408554;3.445917;3.466381;3.385881;3.453053;3.452130;3.420926;3.464399;3.464502;3.433690
44;3.337542;3.456472;3.461626;3.395227;3.452845;3.464552;3.372442;3.491444;3.443994;3.364146;3.461125;3.357176;3.445310;3.459031;3.395168;3.466860;3.449523;3.362426;3.434389;3.452559;3.379620;3.420461;3.448321;3.390943;3.429844;3.451762;3.371684;3.442223;3.447087;3.400889;3.503664;4.031055;4.171583;4.178280;3.830187;3.481608;3.366639;3.467562;3.459759;3.356782;3.520175;3.459219;3.347745;3.452921;3.464739;3.360417;3.438492;3.436009;3.407375;3.434231;3.477503
46;3.370486;3.550594;3.474992;3.368682;3.441916;3.470232;3.366191;3.446267;3.449534;3.363320;3.462141;3.497768;3.430366;3.449243;3.501677;3.361201;3.488298;3.507250;3.384778;3.566497;3.475954;3.359379;3.473074;3.488858;3.489778;3.441493;3.465253;3.397884;3.474221;3.464357;3.393949;3.461489;3.453720;3.434826;3.472159;3.478948;3.341818;3.461535;3.414725;3.384277;3.449222;3.363875;3.473213;3.467641;3.347250;3.455539;3.465920;3.383230;3.435875;3.455736;3.441533
48;3.347525;3.471821;3.439097;3.384468;3.445067;3.444303;3.359502;3.454223;3.446234;3.370128;3.446234;3.501792;3.531097;3.445884;3.435820;3.366304;3.481154;3.470070;3.382165;3.450208;3.373881;3.443890;3.455526;3.369920;3.482830;3.448934;3.344762;3.489211;3.441189;3.381281;3.458363;3.447754;3.360043;3.435340;3.435686;3.350605;3.474163;3.446756;3.367774;3.473930;3.465029;3.378105;3.430651;3.451483;3.363840;3.462978;3.374737;3.400916;3.474084;3.382018;3.426775
50;3.440443;3.544161;3.350768;3.473117;3.443134;3.359093;3.453863;3.446612;3.341057;3.452759;3.486124;3.425626;3.454711;3.442247;3.365254;3.458794;3.432853;3.352242;3.467126;3.430426;3.381320;3.495209;3.463231;3.381032;3.449743;3.401878;3.403212;3.433372;3.370154;3.452633;3.469624;3.364966;3.430374;3.444571;3.368117;3.449858;3.421227;3.351497;3.443344;3.453518;3.338102;3.450131;3.458594;3.361732;3.455102;3.443024;3.357779;3.465727;3.423026;3.349058;3.423031
100;3.436513;3.345795;3.436569;3.433698;3.365900;3.447047;3.441170;3.353844;3.431656;3.428316;3.337302;3.444324;3.442750;3.350146;3.470043;3.459059;3.343863;3.441533;3.426743;3.359354;3.441120;3.404830;3.368399;3.434640;3.374972;3.438518;3.512669;3.356925;3.425452;3.440671;3.345513;3.437203;3.450163;3.364985;3.428490;3.459548;3.371313;3.455777;3.445278;3.343020;3.443925;3.459659;3.355186;3.437001;3.430924;3.350371;3.419987;3.346725;3.453401;3.478101;3.413408
150;3.451964;3.470552;3.472100;3.368926;3.441510;3.426893;3.348665;3.451289;3.474347;3.386266;3.454005;3.507912;3.416075;3.460517;3.465900;3.376664;3.446020;3.446897;3.396324;3.467460;3.441151;3.414951;3.453872;3.454472;3.357651;3.452646;3.415681;3.414920;3.435642;3.365557;3.459332;3.463348;3.363703;3.478401;3.444282;3.380607;3.450289;3.459152;3.343963;3.437541;3.446344;3.368058;3.459859;3.460850;3.382139;3.504734;3.482806;3.368336;3.443376;3.434349;3.431366
200;3.347525;3.452916;3.472805;3.363908;3.432236;3.398396;3.397927;3.455083;3.363476;3.437129;3.424471;3.343952;3.461124;3.460596;3.369856;3.439042;3.446729;3.348940;3.425756;3.432627;3.346938;3.464166;3.433118;3.350035;3.448318;3.432536;3.339384;3.433922;3.353729;3.454916;3.445507;3.587166;3.484033;3.450855;3.360035;3.431837;3.430226;3.343935;3.445811;3.453681;3.353141;3.443988;3.425817;3.359915;3.445643;3.470239;3.338267;3.462133;3.438293;3.347751;3.416997
250;3.432695;3.440956;3.406269;3.447905;3.360733;3.414775;3.464018;3.362584;3.433806;3.446247;3.345321;3.435440;3.436627;3.352480;3.437768;3.463806;3.380621;3.426658;3.435182;3.354370;3.435162;3.436956;3.349809;3.448249;3.440200;3.359719;3.427130;3.367808;3.429164;3.830425;4.202322;3.909890;4.097546;3.481607;3.406549;3.396445;3.435495;3.361995;3.466693;3.440240;3.373410;3.432153;3.427475;3.357775;3.667171;3.434055;3.343505;3.448873;3.438400;3.425946;3.467009
300;3.450988;3.467949;3.368730;3.448927;3.421389;3.374480;3.458675;3.503339;3.442480;3.470424;3.462167;3.357495;3.452873;3.471639;3.367712;3.453286;3.356857;3.613503;3.485250;3.363565;3.444486;3.441636;3.382176;3.453713;3.512352;3.363180;3.452976;3.466074;3.354146;3.456156;3.456051;3.376552;3.469282;3.435415;3.381703;3.459085;3.430307;3.375867;3.444672;3.442939;3.351692;3.452831;3.467512;3.384921;3.443227;3.424025;3.411271;3.434367;3.346049;3.426336;3.430655
350;3.503326;3.412294;3.472482;3.485903;3.542158;3.489232;3.495923;3.379817;3.502430;3.474496;3.419489;3.484453;3.449327;3.402275;3.464675;3.457442;3.407205;3.458769;3.484552;3.414456;3.453383;3.485873;3.400235;3.482262;3.461915;3.419012;3.467926;3.443218;3.417669;3.495108;3.477375;3.390611;3.493176;3.494330;3.407490;3.529014;3.583052;3.462877;3.615341;3.467007;3.439766;3.466185;3.501788;3.524094;3.520732;3.581987;3.535250;3.514185;3.603765;3.444203;3.475591
400;3.469956;3.479302;3.374937;3.521108;3.502337;3.400971;3.516316;3.497942;3.377607;3.508863;3.479199;3.404488;3.508026;3.482060;3.358477;3.446667;3.448450;3.364646;3.466687;3.449291;3.350536;3.458309;3.359439;3.455299;3.437172;3.364481;3.444065;3.442061;3.349154;3.447452;3.466070;3.354670;3.434741;3.441655;3.370072;3.445934;3.426851;3.355214;3.459676;3.466619;3.360428;3.441041;3.439991;3.360573;3.437230;3.370967;3.443861;3.453614;3.362819;3.447057;3.430088
450;3.466079;3.402817;3.460896;3.450276;3.379363;3.464718;3.484024;3.353597;3.449851;3.463538;3.367762;3.470056;3.496344;3.385954;3.454365;3.474674;3.362879;3.470824;3.456096;3.379905;3.460110;3.462336;3.362890;3.453638;3.470764;3.405749;3.469987;3.380917;3.459976;3.456844;3.365263;3.455075;3.475363;3.404742;3.433237;3.459361;3.360457;3.466123;3.445086;3.387450;3.471058;3.459347;3.362445;3.474723;3.459383;3.371929;3.449139;3.442843;3.455997;3.469453;3.434914
500;3.467143;3.362013;3.444254;3.456156;3.372990;3.446659;3.460151;3.382512;3.449991;3.373643;3.448631;3.447467;3.351050;3.464077;3.451465;3.361351;3.434448;3.437917;3.378619;3.442900;3.431577;3.357624;3.449354;3.455659;3.349573;3.465290;3.472329;3.364224;3.435133;3.442826;3.370255;3.474021;3.387383;3.416242;3.457507;3.376119;3.446492;3.442590;3.368285;3.444455;3.432304;3.364558;3.443217;3.464434;3.378404;3.471766;3.452207;3.360580;3.449316;3.480113;3.422745
550;3.444100;3.547993;3.574092;3.460454;3.527792;3.505574;3.435254;3.535379;3.532197;3.465961;3.532017;3.551489;3.460120;3.555408;3.604236;3.435171;3.534129;3.549779;3.447175;3.557542;3.564230;3.441623;3.555374;3.538083;3.461693;3.498787;3.539261;3.457631;3.523176;3.517900;3.440210;3.537212;3.531380;3.368302;3.517387;3.556283;3.458454;3.532545;3.520191;3.450660;3.532289;3.537931;3.471830;3.501041;3.536441;3.433508;3.536837;3.522098;3.434500;3.544285;3.506340
600;3.524621;3.448651;3.525616;3.525222;3.459891;3.535110;3.529365;3.437281;3.506125;3.518660;3.432234;3.548275;3.530321;3.472726;3.516620;3.527484;3.422719;3.509241;3.524941;3.541262;3.433856;3.531915;3.465812;3.414454;3.528104;4.257594;4.277124;4.145170;3.774129;3.508483;3.407426;3.517787;3.535010;3.457049;3.544603;3.491172;3.444653;3.774198;3.546517;3.430928;3.583529;3.555654;3.386089;3.537989;3.555252;3.465672;3.551088;3.532235;3.444265;3.530641;3.553295
650;3.527365;3.483420;3.542787;3.545496;3.450220;3.561079;3.568535;3.470833;3.557993;3.546335;3.451284;3.556020;3.694790;3.448634;3.560654;3.546274;3.486080;3.478720;3.557777;3.533865;3.704046;3.538546;3.555386;3.461877;3.561429;3.559873;3.501290;3.579601;3.546147;3.452890;3.537050;3.571706;3.466185;3.561392;3.551062;3.415850;3.575517;3.563744;3.460107;3.571737;3.549101;3.461077;3.507120;3.549951;3.456909;3.564307;3.574427;3.464918;3.574512;3.527246;3.530663
700;3.476294;3.541757;3.577473;3.457472;3.585593;3.565303;3.528155;3.440719;3.573848;3.496020;3.523648;3.564475;3.591573;3.460744;3.558490;3.570353;3.425457;3.582660;3.560966;3.513769;3.579740;3.573815;3.472059;3.577440;3.561763;3.455522;3.563831;3.565916;3.465409;3.553987;3.589120;3.447384;3.589379;3.578581;3.459806;3.559509;3.568643;3.491046;3.562784;3.554086;3.485364;3.546251;3.566496;3.494232;3.463880;3.530796;3.527999;3.520339;3.569458;3.563631;3.532661
750;3.415122;3.493187;3.475930;3.434178;3.505524;3.451881;3.458466;3.481033;3.421334;3.478179;3.505278;3.460081;3.508252;3.503430;3.415973;3.525081;3.527499;3.383937;3.497221;3.504623;3.415427;3.466752;3.501707;3.419630;3.509427;3.501772;3.414124;3.494128;3.507358;3.413776;3.514611;3.505677;3.414102;3.510921;3.504418;3.418748;3.499974;3.449594;3.413834;3.496030;3.489837;3.405679;3.539586;3.508942;3.408086;3.490338;3.495245;3.385740;3.483597;3.493506;3.470375
800;3.372617;3.492542;3.454209;3.374337;3.500802;3.458533;3.375909;3.449536;3.459714;3.371780;3.488450;3.443967;3.377139;3.462763;3.466639;3.365676;3.481061;3.423514;3.439570;3.469519;3.387092;3.468129;3.457829;3.361875;3.459378;3.471196;3.372942;3.467021;3.459361;3.376107;3.462250;3.448886;3.380942;3.471963;3.458756;3.366074;3.477813;3.459140;3.377306;3.451462;3.459329;3.494643;3.459535;3.448002;3.368040;3.468330;3.472704;3.369971;3.481388;3.457838;3.436872
850;3.432876;3.549796;3.541720;3.507456;3.570911;3.569009;3.494924;3.585764;3.569869;3.485887;3.542264;3.560613;3.482652;3.564858;3.572880;3.459030;3.565157;3.559731;3.480006;3.529004;3.583862;3.464671;3.559167;3.555025;3.467933;3.537533;3.577194;3.473366;3.577362;3.563174;3.443712;3.572521;3.573441;3.432619;3.560743;3.583707;3.490553;3.547077;3.560626;3.512007;3.510116;3.526025;3.549149;3.484258;3.571775;3.552147;3.482568;3.569095;3.563234;3.465193;3.530685
900;3.478494;3.491666;3.407477;3.452249;3.509662;3.409563;3.490080;3.474306;3.392225;3.495347;3.465523;3.390527;3.491730;3.461109;3.431064;3.461288;3.380851;3.482166;3.481704;3.373559;3.473242;3.509833;3.389041;3.472906;3.484586;3.395031;3.486948;3.456236;3.393357;3.482264;3.475764;3.396587;3.464645;3.495839;3.374031;3.464385;3.496369;3.401684;3.463793;3.498212;3.382479;3.478056;3.466585;3.381088;3.480089;3.491020;3.399493;3.466581;3.491821;3.407591;3.450803
950;3.529031;3.497645;3.434233;3.520353;3.518301;3.421572;3.504649;3.528824;3.434738;3.499737;3.509072;3.440999;3.513592;3.532638;3.389329;3.491012;3.736146;4.221485;4.237761;4.238411;3.542978;3.429611;3.517409;3.507199;3.414517;3.516025;3.537893;3.441871;3.483485;3.513846;3.608066;3.570996;3.513612;3.426139;3.522532;3.507548;3.470344;3.496352;3.514443;3.436025;3.599795;3.520610;3.429142;3.515542;3.468925;3.414562;3.516915;3.533737;3.411683;3.532996;3.542287
1000;3.470381;3.385017;3.456103;3.490079;3.495147;3.477481;3.464486;3.380076;3.491059;3.463779;3.374064;3.458630;3.465347;3.483464;3.461007;3.466861;3.387419;3.480238;3.450299;3.417890;3.477718;3.473834;3.380020;3.472508;3.470103;3.407610;3.457708;3.423780;3.435758;3.479901;3.375432;3.480190;3.486094;3.387629;3.472032;3.468892;3.378537;3.466478;3.477312;3.382517;3.477779;3.474941;3.375760;3.485312;3.466189;3.386559;3.469788;3.472563;3.384159;3.475804;3.446835
2000;3.497867;3.457849;3.510269;3.515296;3.411206;3.518549;3.514443;3.429056;3.503943;3.513980;3.443161;3.512850;3.533480;3.419619;3.512371;3.532174;3.417267;3.512307;3.523618;3.438158;3.502665;3.514147;3.455596;3.531177;3.510347;3.431793;3.512338;3.557392;3.415426;3.508898;3.513663;3.424970;3.521017;3.515488;3.479859;3.510616;3.524332;3.436094;3.529261;3.516949;3.417706;3.537784;3.507982;3.431871;3.503297;3.533567;3.429154;3.517402;3.504267;3.437320;3.488997
3000;3.724087;3.756787;3.662094;3.750233;3.735547;3.767695;3.659774;3.734167;3.759294;3.664764;3.751810;3.761894;3.729490;3.650866;3.759605;3.737633;3.671439;3.731648;3.723600;3.761177;3.678612;3.774755;3.749866;3.659780;3.745681;3.710248;3.699340;3.698756;3.735828;3.738112;3.664050;3.749910;3.749615;3.618569;3.723703;3.754894;3.724749;3.658340;3.733600;3.759941;3.654267;3.739019;3.739685;3.763064;3.659435;3.770211;3.743344;3.655200;3.736678;3.744881;3.720555
4000;3.614571;3.509020;3.608682;3.600176;3.507428;3.613961;3.603170;3.523838;3.596275;3.649522;3.538376;3.584992;3.594936;3.519711;3.602499;3.584886;3.501877;3.597242;3.608206;3.569922;3.519445;3.604403;3.605902;3.511046;3.596573;3.619844;3.510048;3.597863;3.606108;3.512710;3.598476;3.666471;3.514464;3.598490;3.600531;3.514664;3.635459;3.595827;3.561706;3.542729;3.617128;3.605984;3.509979;3.581625;3.608898;3.510297;3.607375;3.588363;3.511946;3.598127;3.575635
5000;3.665949;3.541691;3.660337;3.636002;3.566023;3.642877;3.646760;3.681151;3.558477;3.650628;3.650210;3.565905;3.645198;3.832895;3.961471;3.609727;3.658303;3.672365;3.566701;3.671229;3.650250;3.648243;3.653040;3.677262;3.547457;3.658841;3.681840;3.667606;3.581981;3.637877;3.660648;3.556534;3.652742;3.649108;3.552132;3.671057;3.649019;3.575283;3.651000;3.641039;3.650692;3.549944;3.696055;3.671744;3.553402;3.635552;3.654937;3.567267;3.644667;3.636187;3.640146
6000;4.368573;4.313958;4.423864;4.433539;4.460108;4.372409;4.406936;4.282785;4.382839;4.440488;4.461374;4.418028;4.411838;4.407914;4.348067;4.481719;4.370411;4.424976;4.383566;4.411115;4.272637;4.443535;4.463020;4.424496;4.441237;4.369901;4.326109;4.377160;4.393912;4.437542;4.504796;4.701417;4.814305;4.306003;4.441558;4.438230;4.462173;4.451244;4.439248;4.369072;4.349859;4.923521;5.177917;5.077010;4.523135;4.467751;4.457681;4.323756;4.450327;4.379272;4.460247
7000;4.075594;4.113338;4.268147;4.077475;4.058722;4.102466;4.115749;4.164436;4.041959;4.095272;4.110796;4.104830;4.141073;4.043356;4.104149;4.081035;4.109374;3.998248;4.097363;4.112507;4.117563;4.046210;4.119019;4.104606;4.095790;4.110625;4.029543;4.085959;4.125850;4.113159;4.060427;4.089213;4.097440;4.101103;4.069508;4.112729;4.021253;4.098892;4.081632;4.127891;4.033831;4.113675;4.127419;4.106388;4.064242;4.020656;4.100597;4.107973;4.098101;4.014713;4.092238
8000;4.483963;4.457692;4.448306;4.531046;4.523220;4.436471;4.421558;4.512570;4.455938;4.528042;4.441844;4.511262;4.468417;4.441242;4.672749;4.563373;4.546960;4.552272;4.460853;4.458852;4.501432;4.462618;4.512227;4.462129;4.460978;4.528401;4.492657;4.371469;4.458456;4.454950;4.531436;4.500300;4.625255;4.494188;4.359045;4.470035;4.516012;4.516414;4.544166;4.518554;4.482506;4.456321;4.524182;4.526526;4.459434;4.550348;4.519140;4.436883;4.378273;4.509293;4.490805
9000;4.006605;4.016576;4.001008;3.981347;4.045083;4.003923;4.001678;3.957673;3.999068;4.026197;3.987707;3.925412;4.013237;4.016736;3.997731;3.961846;3.928077;4.001673;3.973628;4.021675;3.910795;4.008854;4.002001;3.991275;3.912733;4.007714;4.000148;4.011921;3.933665;4.020337;4.001941;4.017927;3.911707;4.001992;4.028934;3.998994;3.946373;3.961356;4.006582;3.985380;3.967641;3.939396;3.993690;3.984816;3.998889;3.919464;3.990022;3.992679;3.994316;3.925710;3.984683
10000;3.856106;3.832068;3.861432;3.783668;3.866632;4.081088;3.900284;3.785406;3.897256;3.849751;3.837579;3.812788;3.864683;3.866977;3.777991;3.869511;3.845363;3.862679;3.802878;3.885950;3.890421;3.863558;3.819201;3.879587;3.883547;3.964617;3.761946;3.881637;3.867177;3.793079;3.891391;3.867010;3.852999;3.784634;3.880162;3.867061;3.863923;3.777843;3.890827;3.876246;3.873549;3.796040;3.870978;3.866485;3.846550;3.799083;3.888130;3.874598;3.793888;3.871270;3.855551
11000;4.124723;4.068250;4.054151;4.258085;4.195386;4.075139;4.088259;4.032355;4.096461;4.097494;4.054980;4.143989;4.005757;4.073862;4.087203;4.088837;4.001612;4.116173;4.091677;4.091511;4.094571;4.002081;4.066168;4.127207;4.110864;4.017710;4.089462;4.089542;4.109188;4.094384;4.009093;4.211010;4.085119;4.131174;4.067331;4.031026;4.099872;4.078450;4.069243;3.998681;4.090038;4.076087;4.090309;4.026500;4.056181;4.094204;4.087929;4.102679;4.035305;4.089218;4.083531
