Anzahl von OpenMP-Threads;1. Berechnung [s];2. Berechnung [s];3. Berechnung [s];4. Berechnung [s];5. Berechnung [s];6. Berechnung [s];7. Berechnung [s];8. Berechnung [s];9. Berechnung [s];10. Berechnung [s];11. Berechnung [s];12. Berechnung [s];13. Berechnung [s];14. Berechnung [s];15. Berechnung [s];16. Berechnung [s];17. Berechnung [s];18. Berechnung [s];19. Berechnung [s];20. Berechnung [s];21. Berechnung [s];22. Berechnung [s];23. Berechnung [s];24. Berechnung [s];25. Berechnung [s];26. Berechnung [s];27. Berechnung [s];28. Berechnung [s];29. Berechnung [s];30. Berechnung [s];31. Berechnung [s];32. Berechnung [s];33. Berechnung [s];34. Berechnung [s];35. Berechnung [s];36. Berechnung [s];37. Berechnung [s];38. Berechnung [s];39. Berechnung [s];40. Berechnung [s];41. Berechnung [s];42. Berechnung [s];43. Berechnung [s];44. Berechnung [s];45. Berechnung [s];46. Berechnung [s];47. Berechnung [s];48. Berechnung [s];49. Berechnung [s];50. Berechnung [s];Durchschnittswert [s]
1;12.877578;12.710584;13.128145;13.149009;12.805311;13.169310;13.218076;13.180765;12.942209;13.284950;12.848978;13.059841;12.970887;12.997856;12.987999;12.790129;13.042791;13.086070;13.386788;13.104612;12.317265;12.395714;12.683768;12.835118;13.121051;12.902233;13.015985;13.681286;14.884499;14.548978;12.851140;13.056648;13.067255;13.092373;13.124164;13.417237;13.497467;13.237920;13.243463;13.223738;13.184496;13.344933;13.195520;12.848696;13.181719;12.968431;13.009122;12.812528;13.163154;13.403068;13.121017
2;9.617481;9.800986;9.782204;9.946716;10.023910;9.910213;9.850768;9.844277;9.544612;9.767930;9.789329;10.120436;9.700294;9.618103;9.779494;9.741262;9.914098;10.106199;9.779299;9.704183;9.755420;9.621496;10.019184;9.651298;9.962578;9.749129;9.950931;9.818725;9.780310;10.016039;11.042557;10.768418;11.066081;10.524398;10.037193;10.011847;9.889841;9.987714;9.807582;9.868720;9.825762;9.919449;9.974720;10.082470;9.760490;9.885287;9.795680;10.037571;9.990840;9.573031;9.930331
3;7.287224;7.619404;7.170004;7.520326;7.445444;7.155143;7.525803;7.394469;7.373499;7.234717;7.218504;7.424635;7.259814;7.454300;7.385174;7.510257;7.263299;7.358518;7.529735;7.354162;7.528876;7.078910;7.305114;7.319945;7.494333;7.464641;7.229066;7.320057;7.329684;7.421399;7.244597;7.450636;7.479630;7.168842;7.285514;7.441625;7.487568;7.451300;7.251172;7.531106;7.516172;7.424636;7.331178;7.098321;7.363731;7.181732;7.069436;7.469697;7.065765;7.131515;7.348413
4;5.902930;6.007723;5.752374;5.922484;6.141079;5.984979;5.912932;5.782398;5.924250;5.750033;5.685293;5.734079;5.798699;5.812555;5.860787;5.850842;5.998251;6.028460;5.766588;5.876259;5.779199;5.832351;5.678041;5.850186;5.929369;6.167937;6.126615;5.787356;5.864429;5.919027;5.902479;5.703762;5.742247;5.912405;5.897512;5.993227;6.280123;6.436171;6.327400;6.211079;6.265783;6.802468;5.718806;5.912662;5.679526;6.098482;5.883399;5.754945;5.695052;5.866560;5.930232
5;5.017840;4.809746;4.995666;4.994193;5.069837;4.872238;4.824381;4.893374;4.734535;4.866614;5.184830;4.961004;4.958666;5.000689;5.095189;4.828996;5.013353;4.966113;4.875348;4.850287;4.787117;4.797994;5.015877;4.921821;4.999190;4.998806;4.774783;4.810957;4.785421;5.177610;4.783907;4.946124;4.840365;4.906235;4.839818;5.009597;5.223773;5.042100;4.794679;4.930811;5.052264;4.866566;4.749465;4.829286;5.051532;4.894164;4.811377;4.971261;4.962985;4.964524;4.927066
6;4.601348;4.430535;4.398566;4.482187;4.280519;4.353839;4.414787;4.514872;4.262696;4.244837;4.409285;4.827415;4.447183;4.256767;4.223175;4.466086;4.464650;4.358846;4.961441;5.256530;4.920690;4.473701;4.360885;4.454950;4.407451;4.337987;4.465212;4.478943;4.531563;4.382728;4.579022;4.444876;4.349860;4.333012;4.635332;4.335000;4.776095;4.576392;4.596427;4.379699;4.493240;4.430461;4.301872;4.517714;4.270996;4.277520;4.586292;4.442233;4.502207;4.282366;4.471606
7;4.339101;4.226363;4.188789;3.834225;4.353352;4.049805;4.016381;4.240851;4.088182;4.116461;4.409049;4.192767;4.138236;4.115959;4.020082;4.177100;3.952467;4.188339;4.114453;4.211498;4.160140;3.914294;4.180577;4.088346;4.116647;4.278826;4.259767;4.067958;4.382931;4.199647;3.909651;3.943847;4.176274;4.133837;4.084684;3.908685;3.984361;4.602095;4.254513;4.274549;4.079758;4.103521;4.280222;4.170656;4.067469;3.882654;4.024576;4.298255;4.172764;4.020860;4.139916
8;4.106491;4.103497;4.149820;3.849646;3.807561;4.059791;3.932000;3.808027;3.697480;3.785778;3.953784;3.945677;4.048407;3.976298;4.096586;4.124139;3.749536;3.959187;3.992813;3.836202;3.840215;3.883960;3.695738;3.986001;4.080834;3.959849;3.985237;4.137829;4.153259;4.149870;4.062024;3.961281;3.987358;3.940481;3.977577;3.761121;3.924079;4.019979;4.014629;3.899066;3.925813;4.007972;3.918138;4.045933;3.965170;4.036462;3.884773;3.741041;3.960770;4.035183;3.958487
9;4.035780;3.953905;3.693494;3.649858;4.097871;4.141506;3.741851;3.882400;4.021347;4.047527;3.719208;3.784079;3.975904;3.808239;3.974594;3.755011;3.906383;3.938533;3.893246;3.931592;3.978612;3.894044;3.960313;3.875531;3.873889;3.830805;3.857902;3.935223;3.892975;3.756898;3.656494;3.955740;3.849910;3.925185;3.851369;3.765940;3.865483;3.666496;3.837651;4.043662;3.947675;3.866651;3.682774;3.960309;3.824951;3.837739;3.838727;4.091534;3.925211;3.863400;3.881308
10;3.813267;3.742828;3.782691;3.617003;3.956903;3.775604;3.801526;3.731060;3.861033;3.665754;3.794252;3.758898;3.899986;3.891953;3.782797;3.708735;3.831220;3.671497;3.719770;3.797772;3.724190;3.670196;3.771907;3.988183;3.775549;3.779228;3.772002;3.722418;3.620292;3.780013;3.732404;3.906403;3.806658;3.887436;3.929874;3.699638;3.839694;3.780739;3.844413;3.740296;3.673322;3.828422;3.729321;3.666229;3.879609;3.965842;3.796514;3.756495;3.725038;3.528999;3.778517
12;3.781233;3.656209;3.813087;3.716935;3.686996;3.630519;3.579407;3.589015;3.738152;3.760908;3.509672;3.789459;3.714996;3.707212;3.826162;3.668001;3.794549;3.696810;3.756585;3.574125;3.609884;3.679062;3.757980;3.416121;3.698770;3.717308;3.532474;3.527380;3.672769;3.656351;3.685548;3.812512;3.740959;3.736686;3.603341;3.873100;3.721667;3.521608;3.732575;3.774992;3.779070;3.715395;3.607709;3.460145;3.704805;3.624740;3.678176;3.611200;3.616403;3.591882;3.677013
14;3.560945;3.646772;3.580655;3.552790;3.581204;3.645880;3.559659;3.656749;3.595305;3.618305;3.622260;3.639801;3.631480;3.387523;3.707530;3.521579;3.413032;3.600306;3.691873;3.469125;3.640316;3.938058;4.093345;4.456358;4.562691;4.083476;3.554876;3.511206;3.645127;3.572983;3.576691;3.726103;3.519289;3.596642;3.518864;3.758825;3.610977;3.581237;3.653809;3.646621;3.662529;3.644542;3.561475;3.643575;3.585294;3.528173;3.427554;3.666194;3.621287;3.521048;3.655839
16;3.520105;3.595687;3.619609;3.495785;3.532378;3.546854;3.473077;3.474293;3.661375;3.491891;3.517874;3.519975;3.580807;3.736486;3.582971;3.411358;3.563752;3.645229;3.564639;3.588666;3.634828;3.592004;3.581643;3.634762;3.619344;3.395805;3.576220;3.597275;3.525483;3.532977;3.451413;3.619838;3.559243;3.546841;3.455583;3.539390;3.438285;3.585748;3.573390;3.616421;3.481757;3.556733;3.578719;3.622275;3.503253;3.547112;3.508508;3.546690;3.509775;3.556468;3.552212
18;3.536334;3.491350;3.412391;3.598331;3.477697;3.628078;3.499086;3.559163;3.550552;3.449088;3.580401;3.528784;3.368546;3.613473;3.475892;3.634026;3.510013;3.531402;3.475973;3.526025;3.622870;3.513632;3.521836;3.658571;3.528016;3.488064;3.593770;3.434459;3.528568;3.513007;3.408407;3.589739;3.569570;3.414440;3.580263;3.547728;3.482474;3.506805;3.564103;3.515267;3.629257;3.551209;3.455180;3.545652;3.521314;3.429038;3.540942;3.578918;3.543722;3.524894;3.526966
20;3.577151;3.421399;3.458593;3.553942;3.424020;3.460492;3.589573;3.624766;3.354479;3.662742;3.492913;3.482103;3.513064;3.512277;3.464704;3.507722;3.515248;3.484706;3.555967;3.586335;3.420144;3.601355;3.516200;3.453434;3.437030;3.582760;3.547460;3.489265;3.558913;3.440049;3.562316;3.638435;3.561271;3.554771;3.586466;3.434211;3.534477;3.612503;3.493946;3.563042;3.726065;3.465031;3.554118;3.516432;3.586916;3.496736;3.531652;3.509248;3.418179;3.580711;3.524307
22;3.448953;3.474771;3.493620;3.592387;3.382365;3.549593;3.497545;3.436053;3.502351;3.536954;3.373826;3.520324;3.466636;3.473249;3.556200;3.485511;3.398280;3.662985;3.505197;3.386303;3.518271;3.512910;3.444680;3.564664;3.502740;3.488679;3.534498;3.581629;3.432044;3.493800;3.452662;3.399621;3.517811;3.559389;3.493206;3.486467;3.585005;3.425389;3.544312;3.570702;3.491366;3.582916;3.503534;3.456230;3.491744;3.463848;3.407636;3.509759;3.543176;3.432068;3.494677
24;3.542431;3.521112;3.434729;3.473150;3.542732;3.482180;3.506986;3.464127;3.418557;3.472636;3.577147;3.402948;3.574112;3.514648;3.367509;3.502434;3.520421;3.409646;3.466001;3.515803;3.412895;3.558948;3.540389;3.394929;3.751069;3.665602;3.467258;3.552714;3.531806;3.399205;3.457402;3.455390;3.451653;3.517847;3.484148;3.413320;3.483661;3.430513;3.459032;3.464509;3.424622;3.401343;3.475998;3.525087;3.437382;3.530887;3.506171;3.398304;3.475310;3.512533;3.485785
26;3.385549;3.477860;3.550178;3.430877;3.483123;3.472316;3.396269;3.479624;3.455727;3.437730;3.542013;3.481602;3.413206;3.500803;3.424341;3.492175;3.497302;3.478085;3.478183;3.509227;3.523962;3.391509;3.430394;3.450763;3.525820;3.459631;3.349686;3.510448;3.510370;3.367454;3.493851;3.431328;3.406375;3.539157;3.629128;3.388357;3.482278;3.513796;3.366861;3.506277;3.451387;3.375759;3.479978;3.500499;3.393353;3.455732;3.457433;3.375017;3.499777;3.482211;3.462696
28;3.352530;3.552125;3.462695;3.448231;3.494216;3.498494;3.405274;3.550876;3.490441;3.489336;3.475960;3.630788;4.298939;4.039510;4.146807;3.812538;3.444072;3.501851;3.473459;3.435983;3.473460;3.549013;3.365428;3.433901;3.560855;3.402078;3.525105;3.455868;3.423101;3.532475;3.502923;3.422849;3.505320;3.511869;3.399376;3.450939;3.492572;3.404635;3.527806;3.463847;3.424303;3.555202;3.514310;3.377338;3.547149;3.543628;3.372162;3.470135;3.519546;3.476082;3.524148
30;3.466947;3.446041;3.405129;3.500127;3.496845;3.396380;3.488008;3.490545;3.392854;3.494017;3.492878;3.407782;3.495645;3.472429;3.415363;3.533535;3.509268;3.395290;3.477961;3.488191;3.380859;3.446400;3.539649;3.387009;3.532955;3.435008;3.407650;3.506782;3.475729;3.377467;3.442198;3.479419;3.432690;3.543098;3.413466;3.419218;3.558867;3.375195;3.450642;3.468449;3.394473;3.488762;3.488860;3.405109;3.528410;3.482792;3.425968;3.551700;3.511545;3.391700;3.460146
32;3.458982;3.503862;3.359183;3.452791;3.460831;3.365906;3.461600;3.446929;3.365744;3.503399;3.465462;3.402859;3.486748;3.453982;3.363259;3.536013;3.511233;3.352728;3.438615;3.506722;3.391813;3.491885;3.460794;3.383002;3.460548;3.438881;3.417265;3.489683;3.483893;3.432577;3.484669;3.455281;3.401682;3.479966;3.427615;3.489008;3.487447;3.412982;3.488038;3.468427;3.421751;3.514484;3.476175;3.413543;3.493703;3.463835;3.384872;3.442595;3.470179;3.360421;3.447677
34;3.464774;3.449674;3.407832;3.450781;3.483820;3.371327;3.514476;3.454394;3.372813;3.429398;3.447447;3.408675;3.492618;3.474297;3.362564;3.468576;3.526444;3.375226;3.483268;3.476385;3.402652;3.461510;3.441824;3.391833;3.504909;3.366340;3.449285;3.449380;3.360683;3.508574;3.510496;3.365070;3.504533;3.752819;3.390696;3.485357;3.501472;3.378144;3.513278;3.502374;3.414355;3.430080;3.442976;3.409252;3.523033;3.462484;3.440760;3.641951;3.477273;3.348109;3.454926
36;3.431570;3.501061;3.373721;3.533656;3.466280;3.375304;3.458814;3.465298;3.403231;3.498328;3.513014;3.346647;3.442496;3.446966;3.434933;3.507265;3.485046;3.351989;3.509162;3.444462;3.379733;3.472806;3.480546;3.407071;3.477561;3.451341;3.348085;3.496713;3.379298;3.472533;3.447729;3.384481;3.457320;3.499226;3.419858;3.438395;3.482171;3.411426;3.472922;3.456351;3.385621;3.452660;3.436211;3.346977;3.487019;3.441488;3.353842;3.427864;3.447909;3.409298;3.440274
38;3.472797;3.424827;3.366193;3.472162;3.486914;3.368923;3.482747;3.489672;3.393610;3.487651;3.442207;3.418809;3.456846;3.335113;3.527615;3.483694;3.410181;3.468260;3.482620;3.383121;3.481453;3.455794;3.404784;3.484552;3.464353;3.404060;3.453547;3.469596;3.347556;3.460405;3.469154;3.398327;3.432286;3.473905;3.375870;3.487421;3.482613;3.351912;3.476867;3.473092;3.359838;3.456848;3.452538;3.382540;3.479344;3.432858;3.414732;3.465457;3.382129;3.438215;3.439320
40;3.456164;3.387201;3.496441;3.449754;3.346383;3.467451;3.471820;3.362777;3.495368;3.455821;3.393080;3.488515;3.443876;3.370488;3.524784;3.466736;3.386871;3.461407;3.462602;3.387696;3.471176;3.468841;3.368288;3.440589;3.454700;3.360991;3.452177;3.444153;3.387149;3.487781;3.399895;3.457976;3.436684;3.397239;3.483411;3.436574;3.393411;3.436461;3.435985;3.379368;3.457985;3.449217;3.372351;3.478278;3.447031;3.405310;3.439928;3.456960;3.384807;3.477858;3.434756
42;3.503667;3.368934;3.440440;3.470019;3.382588;3.449247;3.477972;3.663112;4.351312;4.122155;4.325453;3.400728;3.501905;3.461367;3.383319;3.469678;3.464819;3.386276;3.512191;3.431236;3.411072;3.564774;3.451212;3.342098;3.444352;3.508116;3.371624;3.451030;3.455192;3.364713;3.453628;3.365511;3.427738;3.465276;3.371907;3.438584;3.483829;3.378420;3.486980;3.465399;3.368461;3.485715;3.475089;3.348838;3.505893;3.598383;3.401217;3.478345;3.475992;3.407325;3.496263
44;3.520973;3.487982;3.385411;3.493663;3.490195;3.372189;3.463094;3.453387;3.398840;3.441258;3.449588;3.412536;3.486364;3.438378;3.392467;3.480926;3.457529;3.366691;3.426948;3.394494;3.400299;3.483406;3.386413;3.489343;3.430997;3.346150;3.434437;3.479741;3.379103;3.433768;3.467709;3.379386;3.459638;3.429532;3.396701;3.435889;3.454234;3.345516;3.458285;3.428832;3.384827;3.526915;3.572987;3.560590;3.496270;3.449986;3.365444;3.491975;3.454562;3.369377;3.440104
46;3.456203;3.434803;3.386697;3.421937;3.369341;3.459531;3.469737;3.351376;3.484789;3.440923;3.375781;3.471494;3.435321;3.380514;3.474871;3.451092;3.366029;3.468308;3.465503;3.328895;3.460446;3.444715;3.371437;3.450163;3.447643;3.368650;3.459588;3.433890;3.369368;3.470412;3.425890;3.382006;3.432015;3.377356;3.448863;3.422998;3.355610;3.463057;3.481253;3.372712;3.467203;3.434169;3.360758;3.457488;3.479375;3.366659;3.458120;3.467480;3.375872;3.504993;3.426067
48;3.478517;3.423781;3.514570;3.527569;3.425043;3.480318;3.456090;3.408633;3.526612;3.493777;3.408626;3.537595;3.508231;3.437876;3.504777;3.485903;3.418023;3.484458;3.492825;3.427590;3.525085;3.492078;3.425488;3.503910;3.502764;3.339768;3.456243;3.402229;3.429569;3.419461;3.398029;3.491549;3.450199;3.368728;3.478762;3.446099;3.357870;3.447222;3.472410;3.362567;3.542221;3.437850;3.347840;3.444538;3.469915;3.433420;3.433407;3.437275;3.356130;3.417604;3.450621
50;3.465969;3.376679;3.463297;3.445586;3.362224;3.459682;3.407139;3.397451;3.456289;3.404032;3.448967;3.456974;3.403604;3.464695;3.482717;3.324835;3.468593;3.477611;3.367331;3.490697;3.485949;3.370333;3.523563;3.499784;3.363378;3.519389;3.474229;3.421918;3.489714;3.483552;3.508038;3.470591;3.528730;3.462656;3.493222;3.510356;3.392802;3.466474;3.535153;3.409666;3.499982;3.530590;3.451028;3.510231;3.495363;3.382910;3.470451;3.488644;3.453927;3.482517;3.455990
100;3.482424;3.387252;3.506175;3.508450;3.400197;3.493245;3.476926;3.382120;3.499508;3.470547;3.392777;3.482248;3.468950;3.395508;3.470942;3.454250;3.394195;3.432140;3.399542;3.426176;3.441197;3.343851;3.430314;3.429930;3.370225;3.449463;3.443942;3.346635;3.431063;3.437460;3.363536;3.444762;3.425869;3.351290;3.420829;3.427494;3.358978;3.420746;3.359796;3.454165;3.437068;3.349345;3.457798;3.433331;3.340326;3.430943;3.430934;3.344934;3.440880;3.426279;3.423339
150;3.343936;3.451713;3.430146;3.358555;3.436020;3.423001;3.353703;3.431368;3.390267;3.407571;3.449206;3.332268;3.484074;3.441994;3.349461;3.428117;3.446999;3.341708;3.456865;3.418909;3.345779;3.444532;3.424914;3.341323;3.451732;3.433765;3.348985;3.431308;3.422711;3.347493;3.430186;3.337667;3.459431;3.444373;3.341050;3.422194;3.451487;3.343049;3.440010;3.425642;3.341333;3.462059;3.431833;3.345865;3.446676;3.458653;3.349422;3.421265;3.441866;3.347135;3.406192
200;3.434027;3.385175;3.407092;3.548495;3.719976;4.273705;4.213981;4.131858;3.636789;3.363684;3.444562;3.446130;3.342479;3.426171;3.431321;3.351793;3.433156;3.346258;3.583790;3.439427;3.345495;3.433634;3.503683;3.336233;3.413987;3.456743;3.338268;3.446222;3.447566;3.391317;3.440691;3.451340;3.365191;3.431204;3.431470;3.339254;3.476509;3.429713;3.363327;3.469691;3.442311;3.361384;3.431838;3.496437;3.396377;3.431085;3.362482;3.466137;3.461739;3.342801;3.477280
250;3.439914;3.434230;3.332906;3.429101;3.422825;3.355944;3.427180;3.431698;3.357409;3.447086;3.423528;3.338921;3.433827;3.420165;3.369891;3.435659;3.346472;3.427411;3.410269;3.333110;3.433604;3.428264;3.357150;3.449658;3.428551;3.368777;3.425241;3.419298;3.344905;3.439171;3.437318;3.351728;3.456886;3.429362;3.339926;3.432073;3.339401;3.455734;3.426744;3.348565;3.439715;3.447852;3.381686;3.431836;3.433545;3.340511;3.430260;3.435180;3.367579;3.446794;3.405697
300;3.439021;3.344260;3.434168;3.428443;3.328651;3.429602;3.410911;3.370043;3.430962;3.351581;3.427057;3.455068;3.336080;3.442877;3.432487;3.341242;3.408500;3.448318;3.350492;3.451111;3.418363;3.342945;3.424832;3.438684;3.339114;3.426187;3.422665;3.365141;3.435917;3.346643;3.437568;3.459646;3.324226;3.425585;3.450072;3.364178;3.447421;3.462880;3.340998;3.428691;3.429547;3.339680;3.429301;3.431423;3.347832;3.433761;3.445964;3.361997;3.428244;3.350812;3.403224
350;3.446508;3.421193;3.330289;3.455815;3.426283;3.342811;3.426087;3.415707;3.346912;3.438871;3.415424;3.346574;3.431980;3.439722;3.325859;3.444081;3.430154;3.342592;3.432969;3.336216;3.445662;3.432878;3.330365;3.425418;3.432805;3.338646;3.426243;3.445120;3.360764;3.461839;3.468528;3.357129;3.442500;3.439266;3.341435;3.420527;3.421821;3.338854;3.422739;3.346574;3.422445;3.445170;3.333623;3.433263;3.552551;3.340187;3.423208;3.438341;3.352186;3.462402;3.405971
400;3.440125;3.360682;3.450714;3.445065;3.330633;3.437309;3.468065;3.354416;3.437419;3.434972;3.353635;3.431943;3.351592;3.439522;3.466534;3.363663;3.421614;3.448182;3.345380;3.436671;3.426904;3.332678;3.426597;3.445173;3.371656;3.431972;3.433019;3.357565;3.487467;3.421307;3.343578;3.430285;3.410931;3.359234;3.438985;3.343294;3.425900;3.431988;3.341886;3.432011;3.421639;3.356109;3.435178;3.436892;3.335169;3.423763;3.429669;3.340534;3.418674;3.439263;3.406949
450;3.365713;3.437186;3.434505;3.347186;3.443214;3.349550;3.414365;3.436172;3.339820;3.445927;3.428271;3.343312;3.440466;3.427666;3.323325;3.449320;3.721406;3.355327;3.471136;3.436625;3.345786;3.467655;3.425094;3.360894;3.430228;3.424634;3.338716;3.432168;3.354657;3.422096;3.422740;3.365263;3.439574;3.423303;3.339025;3.442866;3.435591;3.355795;3.418818;3.438888;3.350257;3.432188;3.430514;3.366945;3.459257;3.434100;3.335023;3.464763;3.435266;3.420254;3.412457
500;3.457129;3.406117;3.451544;3.485124;3.355884;3.485616;3.463012;3.371330;3.439832;3.456666;3.429105;3.540413;3.482340;3.412889;3.463368;3.479742;3.369459;3.488821;3.492424;3.416496;3.497917;3.478584;3.407600;3.494329;3.453437;3.377280;3.451067;3.441256;3.364416;3.485188;3.464921;3.395738;3.479835;3.458691;3.397064;3.525820;3.467493;3.346877;3.492162;3.441611;3.442478;3.459971;3.367156;3.500162;3.454842;3.378691;3.470633;3.474216;3.397708;3.483637;3.445962
550;3.461201;3.450411;3.457212;3.480030;4.032023;4.279064;4.150965;3.810365;3.349956;3.427388;3.424399;3.339917;3.433038;3.460299;3.343637;3.427570;3.430768;3.344008;3.490560;3.454224;3.324664;3.424453;3.508460;3.352016;3.423017;3.427041;3.353313;3.447701;3.353312;3.404126;3.440502;3.354856;3.421539;3.425226;3.343373;3.429358;3.413355;3.338175;3.442150;3.431703;3.359491;3.444987;3.541933;3.345292;3.417427;3.440140;3.349077;3.431566;3.469679;3.349132;3.465082
600;3.437594;3.351948;3.434746;3.442259;3.349592;3.425912;3.406806;3.357461;3.446203;3.441118;3.355110;3.431741;3.432080;3.341568;3.423736;3.426785;3.357059;3.469278;3.426894;3.348935;3.427983;3.343309;3.440115;3.426933;3.355774;3.454830;3.437697;3.343156;3.428609;3.457873;3.330918;3.431619;3.437559;3.349835;3.438275;3.460497;3.345222;3.446573;3.419566;3.361099;3.424961;3.396017;3.423025;3.450986;3.336718;3.435034;3.438568;3.342999;3.435750;3.437972;3.407326
650;3.340017;3.450978;3.446363;3.348255;3.435119;3.443372;3.355656;3.496307;3.413954;3.347116;3.445112;3.430340;3.331992;3.431756;3.355244;3.437125;3.423140;3.342517;3.427311;3.439474;3.339097;3.447627;3.435226;3.345387;3.426086;3.430273;3.348008;3.453674;3.455827;3.361863;3.426418;3.447092;3.350131;3.419692;3.378514;3.399806;3.465399;3.370208;3.451810;3.441736;3.337441;3.431513;3.459119;3.344047;3.431377;3.436017;3.350133;3.433917;3.416107;3.345571;3.406405
700;3.438567;3.442549;3.337839;3.426298;3.431710;3.360978;3.420923;3.348468;3.425927;3.450362;3.336535;3.438947;3.441564;3.364702;3.419234;3.412817;3.345773;3.432057;3.432816;3.338442;3.430126;3.426034;3.352853;3.428063;3.410894;3.355862;3.427574;3.691287;3.422705;3.443719;3.391710;3.451405;3.493737;3.351761;3.426866;3.437705;3.349385;3.450637;3.429647;3.346121;3.445940;3.443538;3.336788;3.446652;3.576298;3.360972;3.414579;3.435509;3.337446;3.436708;3.415981
750;3.424914;3.352639;3.459313;3.399279;3.389340;3.436034;3.341951;3.447714;3.422786;3.352125;3.427404;3.427159;3.326064;3.425469;3.442631;3.344420;3.435326;3.454014;3.354276;3.449613;3.430366;3.363351;3.443578;3.459131;3.346307;3.450172;3.350980;3.426441;3.428583;3.356555;3.445746;3.447709;3.349037;3.441352;3.449930;3.343619;3.417205;3.432936;3.348549;3.438554;3.447170;3.337568;3.440711;3.440153;3.333209;3.450911;3.350537;3.428543;3.425125;3.348526;3.405701
800;3.449475;3.479838;3.337052;3.425405;3.429307;3.373486;3.431895;3.429724;3.352994;3.446523;3.449332;3.344046;3.432877;3.431501;3.330590;3.436785;3.422696;3.414767;3.429332;3.374373;3.461667;3.433407;3.349567;3.431611;3.428262;3.335656;3.437650;3.434214;3.349814;3.421953;3.423492;3.389749;3.442016;3.423008;3.331993;3.436701;3.436655;3.355267;3.422819;3.339686;3.444238;3.440866;3.341225;3.432887;3.468954;3.347344;3.450065;3.445872;3.346701;3.428204;3.409071
850;3.423368;3.352382;3.428856;3.421599;3.352901;3.463199;3.428296;3.347327;3.424139;3.381042;3.405929;3.462636;3.331445;3.449127;3.431194;3.344933;3.438259;3.427534;3.354955;3.436455;3.426694;3.344363;3.460212;3.453806;3.334853;3.433076;3.431987;3.352363;3.423820;3.410790;3.354779;3.448897;3.332461;3.453949;3.432231;3.352478;3.423341;3.440770;3.344622;3.423072;3.434087;3.339825;3.441754;3.429522;3.335579;3.438978;3.447192;3.345073;3.428825;3.456192;3.405623
900;3.359706;3.442686;3.331387;3.447636;4.001096;4.328062;4.078991;3.755157;3.442924;3.450327;3.359960;3.436547;3.350473;3.425755;3.444497;3.361543;3.445451;3.437592;3.344353;3.561965;3.424114;3.416332;3.430709;3.424341;3.345177;3.444926;3.427171;3.344861;3.414365;3.468775;3.356205;3.441481;3.419531;3.365731;3.430080;3.338734;3.428113;3.431476;3.353985;3.425097;3.418756;3.339907;3.565059;3.469952;3.345030;3.446521;3.441944;3.349154;3.452301;3.436823;3.464055
950;3.342120;3.445783;3.444854;3.348710;3.431391;3.429747;3.340314;3.422816;3.343411;3.434289;3.447758;3.360330;3.433901;3.441979;3.346120;3.432749;3.429344;3.346781;3.434585;3.452179;3.356595;3.428844;3.439405;3.348452;3.432292;3.427867;3.325755;3.444603;3.368845;3.417913;3.427236;3.339838;3.448069;3.435235;3.344633;3.432314;3.458704;3.340969;3.415375;3.675928;3.415622;3.454152;3.470295;3.344648;3.461998;3.448135;3.351306;3.443805;3.443284;3.342074;3.411867
1000;3.422827;3.446047;3.344698;3.424949;3.352944;3.483349;3.473297;3.352693;3.442057;3.428608;3.343998;3.429203;3.430062;3.358002;3.431543;3.436445;3.341504;3.437278;3.430823;3.342716;3.438970;3.457961;3.354107;3.447411;3.423436;3.354576;3.444743;3.372882;3.427562;3.428030;3.385452;3.448008;3.434345;3.336960;3.442721;3.433267;3.377745;3.422693;3.437702;3.367128;3.421987;3.445053;3.344720;3.431130;3.435416;3.341988;3.446137;3.426665;3.364264;3.439599;3.409714
2000;3.400765;3.472609;3.438593;3.370534;3.447392;3.447145;3.362344;3.474018;3.449234;3.354269;3.426434;3.445124;3.353510;3.445761;3.434959;3.354730;3.435295;3.449168;3.340226;3.442995;3.429311;3.363205;3.451556;3.364867;3.434348;3.442919;3.337152;3.472862;3.453609;3.387974;3.442793;3.446342;3.375545;3.455720;3.427248;3.354320;3.448649;3.436941;3.361652;3.432041;3.443831;3.349629;3.460286;3.445666;3.461696;3.452261;3.427501;3.353849;3.440391;3.351238;3.417010
3000;3.487657;3.488303;3.358095;3.436639;3.436430;3.362622;3.435789;3.452559;3.361852;3.455739;3.456277;3.360321;3.447107;3.441425;3.382058;3.435979;3.429062;3.369557;3.479549;3.457087;3.359074;3.461928;3.497913;3.403879;3.443759;3.406506;3.385089;3.465173;3.386176;3.454535;3.442993;3.378067;3.446980;3.450957;3.368334;3.463534;3.456554;3.368336;3.460450;3.444360;3.359766;3.445188;3.458709;3.368568;3.432702;3.813955;3.387658;3.474919;3.452723;3.414880;3.433755
4000;3.539843;3.477877;3.348272;3.493832;3.467661;3.411803;3.462580;3.474245;3.381078;3.473117;3.444504;3.368005;3.484184;3.421603;3.398228;3.463643;3.374183;3.479819;3.445873;3.367630;3.459943;3.475198;3.366221;3.470816;3.461769;3.365022;3.458024;3.447343;3.387241;3.456747;3.499215;3.381915;3.458143;3.464152;3.355626;3.459406;3.468259;3.378055;3.464521;3.496686;3.372044;3.472747;3.451649;3.390324;3.468185;3.398047;3.446975;3.482706;3.373384;3.460170;3.437370
5000;3.506791;3.379795;3.467618;3.483873;3.377080;3.494873;3.501029;3.396560;3.465855;3.469401;3.423579;3.466727;3.469599;3.403278;3.481714;3.463989;3.371545;3.474422;3.478471;3.390870;3.453065;3.472319;3.375492;3.490384;3.461337;3.390201;3.474377;3.466020;3.362265;3.492407;3.476449;3.384215;3.473242;3.463074;3.395599;3.477433;3.393507;3.427035;3.474302;3.394719;3.455868;3.491081;3.373353;3.496038;3.464526;3.381991;3.467519;3.469777;3.381409;3.487240;3.444666
6000;3.800816;3.618289;4.073814;4.306127;4.233181;3.867410;3.432931;3.526432;3.496455;3.395575;3.479034;3.489980;3.393446;3.484810;3.491318;3.379497;3.517112;3.605356;3.399425;3.527792;3.473318;3.395568;3.498463;3.466991;3.386313;3.488871;3.451321;3.405601;3.482286;3.398524;3.489508;3.485277;3.381472;3.488958;3.484153;3.410897;3.481289;3.479185;3.406093;3.569408;3.470269;3.408090;3.504178;3.481094;3.393529;3.478107;3.513740;3.366200;3.474093;3.503040;3.524693
7000;3.801458;3.509031;3.494307;3.399345;3.515830;3.468849;3.415158;3.478994;3.494322;3.434429;3.502432;3.515538;3.401996;3.474462;3.478196;3.409299;3.486009;3.483507;3.423515;3.494158;3.478563;3.402619;3.479329;3.503553;3.397772;3.489184;3.487506;3.439942;3.486416;3.494661;3.401572;3.490082;3.478700;3.396041;3.503631;3.487971;3.408763;3.476146;3.494164;3.439880;3.490036;3.458961;3.430792;3.485631;3.495021;3.405698;3.481518;3.495620;3.399987;3.466940;3.470551
8000;3.876975;3.421873;3.507163;3.509617;3.419316;3.508390;3.503623;3.407184;3.527056;3.503389;3.407170;3.537687;3.530335;3.412101;3.484161;3.490827;3.406186;3.502013;3.496652;3.407715;3.512771;3.491242;3.409802;3.498970;3.506842;3.409980;3.500187;3.495457;3.444631;3.519276;3.520583;3.395973;3.526651;3.491457;3.434823;3.497266;3.478243;3.448077;3.472557;3.524409;3.422399;3.494633;3.475458;3.408180;3.495259;3.429468;3.478449;3.490180;3.411516;3.491466;3.480713
9000;3.849582;3.490677;3.439557;3.493620;3.534154;3.396670;3.529358;3.508892;3.425490;3.493298;3.517425;3.426667;3.510439;3.517770;3.414174;3.499712;3.491548;3.414638;3.514600;3.439641;3.453958;3.487923;3.439376;3.497769;3.523942;3.449546;3.499011;3.509156;3.408491;3.494926;3.517971;3.426848;3.513510;3.501048;3.432445;3.507183;3.511670;3.399829;3.505962;3.613001;3.417705;3.495291;3.520392;3.422201;3.507582;3.496450;3.418487;3.509210;3.536695;3.404169;3.486593
10000;3.830466;3.498652;3.475107;3.446744;3.526526;3.427933;3.520892;3.503319;3.432965;3.535308;3.512596;3.409408;3.516752;3.529131;3.440780;3.503627;3.517109;3.460578;3.515662;3.473427;3.436924;3.525665;3.509798;3.420696;3.529248;3.524037;3.434174;3.497406;3.518570;3.424722;3.513386;3.500678;3.433745;3.529379;3.518268;3.421869;3.524841;3.535050;3.428603;3.510477;3.517769;3.447305;3.518279;3.499466;3.431785;3.526382;3.563715;3.373541;3.558280;3.538704;3.495795
11000;3.891796;3.430087;3.532092;3.524361;3.442195;3.529380;3.512552;3.985334;3.574477;3.534054;3.466053;3.527362;3.563739;3.458383;3.513293;3.519575;3.459715;3.517623;3.488437;3.463081;3.516251;3.545558;3.434120;3.499083;3.530803;3.457152;3.520108;3.505975;3.437240;3.538684;3.514541;3.419959;3.537654;3.518000;3.468976;3.521277;3.529733;3.444096;3.526587;3.529607;3.437986;3.536172;3.498316;3.468091;3.526990;3.541476;3.440922;3.529810;3.525700;3.460294;3.517895
